{
  "id": "rust-module",
  "title": "Rust Module",
  "description": "A proof-of-concept for using Rust in a Foundry VTT module.",
  "version": "0.1.4",
  "authors": [{
    "name": "Max",
    "discord": "Bolt#4861"
  }],
  "esmodules": [
    "index.js"
  ],
  "url": "https://github.com/pearcebasmanm/rust-module",
  "manifest": "https://github.com/pearcebasmanm/rust-module/releases/latest/download/module.json",
  "download": "https://github.com/pearcebasmanm/rust-module/releases/download/v0.1.4/rust-module.zip"
}